sample_3000_tweets,class
"المفترض ان نبدا حمانا الله الكوارث
 والامراض عامهان نكون علي اتم جاهزيه
 بانشاء مستشفاياات متخصصه ومجهزه في
 كل منطقه مهمتها الحوادث والكوارث
 النادره لاقدر الله ان وبذلك استفدنا
 الحيطه ومعالجه الازمات بسهوله وتخفف
 الزحام عن المستسفيات العامه   فيروس_كورونا_الصيني  ",0
"حرب بارده عالميه ومعروف هالشي 
 كورونا_الجديد  ",0
راح يجيبو كورونا اون بغسون         ,0
تقارير  الصين تجاهلت معلومات طبيب حذر كورونا  ,0
الصين تختلف عنا بلد  غول اكل العالم اقتصاديا  وتدميره او محاوله تركيعه يصب في مصلحه المنافسين له اما فمساكين ليس عندنا امكانيه لمجارات  الدول العظيمه والله سبحانه حافظ  ,0
الصحراء انتشرت في اليابان وتهدد العالم   خدعه المخترقين بواسطه كورونا  ,0
" الرءيس هادي وناءبه  
الي رءيس الحكومه   
ارسلوا طاءره 
لانقاذ ابناء اليمن في  الصين  
 فيروس_كورونا يهدد حياتهم  ",0
"بضاعه الصين ما بتكون شغيله فيروس لسبب الفيروس بموت بعد ساعتين وجوده علي سطح ميت  
الدول وقفت تنقلات المدنيه فقط  اما التجاره شغاله  طبعا مع اتباع معايير سلامه علي الطاقم  ",0
مامدي التدابير الوقاءيه في المطارات السعوده لمواجهه كورونا  الصين  ,0
"تاجيل سباق فورمولا الصيني  كورونا
  ",0
"كل دول العالم اجلات رعايها الصين
الا اليمن تقول لرعايها كلوا ثوم وبصل وفلفل ان شاء الله ينفعكم ضد كورونا   
حتي رءيس الجمهوريه ضارب براسه عرض الحيط ولا كانه رءيس لهءلاء الناس  ",0
"تقعد في البلد الدولار يزيد ويزيد تقدم لوتري ترامب يقول مافي طريقه تفكر في السمبك بريطانيا تطلع الاتحاد الاوربي 
يشيلوك منحه في الصين تظهر ليهم كرونا تلحسك تقول تجازف ليك عقد عمل في الامارات وكاله يودوك مرتزقه في ليبيا  ",0
بتبت اخاف فيج كورونا وعاديتيني     ,0
" عاجل 
 الوصال  تعليق الرحلات الجويه بين  السلطنه  الصين حتي اشعارا اخر 

فيروس_كرونا

  ",0
كورونا مش انفلونزا ترا  ,0
" 
ليس الغريب ان تصاب بعض مدن  الصين الوباء   الغريب لماذا تاخرت عنهم الاوبءه القاتله  صراحه اوسخ ناس في الاكل  
 
 البحرين  ",0
عرف السبب بطل العجب  كورونا     ,0
تري تتكلمون عن دوله مثل  الصين  اللي نوعا ما النظام الصحي متطور  المصيبه لو انتشر في بلدان اساسا موبوءه وفقيره ونظامها الصحي سيء الكارثه   ,0
"هقولك حاجه غاندي اساس الزواج الناجح يكمن في حاجتين
البعد عن النيش سبب كان    
والسبب التاني تبعد عن الحلل التيفال ولا قريب ولا بعيد 
ثالثا الاكل ايا كان تبدي اعجابك الشديد به ولو فيه كورونا  ٠٠والله الموفق والمستعان  ",0
بعد جايين مدينه ووهان مصدر الفيروس  ,0
"اعراض فيروس  كورونا
نفس الاعراض لما مرتك تمسك
تليفونك  
ارتفاع الحراره تسرع نبضات القلب  قلق  توتر  اصفرار  اسهال والم بطن شديد       ",0
"کورونا هستم

به کی منتقل شم بغلش کنی     ",0
المفروض العزل يكون بمكان طبي ومجهز وبعيد عن الناس مو شقه    واصلا المفروض كل ملابسهم تنرمي جو الصين  ,0
الوضع في الصين زفت خلو بالكم  ,0
طبعكن مهري الكورونا كل ال ما فيكن حدا بيعرف التطبيع شو يعني  ,0
عاجل  الصين تعلن ارتفاع عدد الوفيات فيروس كورونا 360 بعد تسجيل 56 حاله وفاه جديده  ,0
الشرقيه كورونا  ,0
عزل الصين  ,0
اه شكلها  الكورونا ولا ايه    ,0
"لما ابوك يشوف نتيجتك 
  انت تروح الصين الصين حلوه
   ",0
الصحه العالميه  معظم الدول ستكون مجهزه للكشف عن  فيروس_كورونا خلال اسبوع  ,0
"  حتي في  السعوديه
 
لم تسجل حاله مصابه  فيروس_كورونا 

  فحص  3152  مسافرا
قدموا برحلات مباشره  الصين

  فحص عدد  868  مسافرا
قدموا برحلات غير مباشره  الصين

  فحص  62  عينه محليا

 انتشار اطقم طبيه في المنافذ  البريه  الجويه  البحريه   ",0
ولا عمرنا سمعنا عن وباء دول جه في فصل الصيف  ,0
لاباس فليصلنا المرض وتنتهي البشريه المجرمه تكالبت علينا كل حدب وصوب  كورونا تحياتي لك  ,0
اقلاع طاءره جزاءريه لاجلاء الرعايا المقيمين في ووهان الصينيه  ,0
"متحدث الوزراء   السيسي امر بارسال 10 اطنان مستلزمات طبيه وقاءيه الصين   فيديو 
 صدي_البلد  البلد
  ",0
الله يبلاكم بمرض الكورونا ويشغلكم انفسكم وماعاد نشوف دعاياتكم اللي غثيتونافيها حسبي الله ونعم الوكيل  ,0
 coronarovirus  فيروس_كورونا  كورونا  coronovirusoutbreak  coronoviruswuhan  ,0
"عاجل
الخطوط الجويه اليمنيه توقف رحلاتها والي الصين
من جيز الناس    ",0
اطالب بتعطيل الدراسه  كورونا+ومالنا خلق   ,0
"تحصنت بذي العزه والجبروت 
و اعتصمت برب الملكوت   
و توكلت علي الحي لا يموت    
اللهم اصرف عنا الوباء  
 قنا شر الداء    
و نجنا الطعن الطاعون البلاء   
بلطفك لطيف خبير   
انك علي كل شيء قدير   

 كزرونا
 فيروس_كورونا
 كورونا_الجديد  ",0
" فايروس_كورونا

ماهو فايروس كورونا كيف ينتقل وماهي طرق الوقايه باذن الله    

  ",0
عمو العجوز للاحتياط لابس كمامه         ,0
"والله دي اكتر الحاجات الواجعانا ومستاءه انا شخصيا
 وزاره الخارجيات
خلو الخارجيات بتاعتكم دي




 سودانين_في_ووهان
 فايروس_كورونا
 الاجلاء_الجماعي  ",0
" عمان تعلق الرحلات الجويه  الصين
  ",0
" غرد_كانك_الجزيره_عاجل
  عاجل         

اعلنت وكالات انباء عالميه بانه القبض علي جرثومه كورونا المسببه لمرض كورونا واعترفت بانها مدعومه السعوديه وسنوافيكم بالتفاصيل  ",0
اكيد عمليه نوعيه لانها انقاذ ٧١ طالب اردني وعرب سوريا فلسطين  تونس عمان البحرين وباء الكورونا المتفشي في المدينه يعيشون والاهم انهم رجعوا والان تجري الفحوصات ويقدم العلاج اللازم  ,0
"عمان الخطوط السعوديه  تعلقان الرحلات الصين  كورونا  

 الصين
 سلطنه_عمان
 السعوديه 
 كورونا_الصين 

  ",0
"وزاره الزراعه الصينيه تءكد تفشي  فايروس_انفلونزا_الطيور  اتش ان 1  المميت في مقاطعه هونان  الواقعه الحدود الجنوبيه لمقاطعه هوبي  مركز انتشار  فايروس_كورونا 

شهر عم يغار شهر  ",0
"طالب يمني في  الصين
الحكومات العربيه سحبت طلابها
والسفير اليمني كلو ثوم حلبه  ",0
" الصحه   لا اعراض اصابه كورونا  علي 81 معزولا 
 هلا_اخبار  الاردن  كورونا  ",0
"   لا مساعدات حكوميه لا قروض  كنت ستنشء شركه  اعتمد علي نفسك

 8 دروس تتعلمها  جاك_ما اغني رجل  الصين 
 تطوير_الذات 
 رياده_الاعمال  ",0
"المهمه انجزت 
والصين انتهت بناء المستشفي 
يظهر مقطع الفيديو بناء مستشفي في مدينه يوهان في الصين خلال 10 ايام لعزل علاج المصابين بفيروس  كورونا  ",0
"بلاش يكون كورونا  ابعدي عن الجميع  بمزح
الحمدلله السلامه      ",0
"الصين تبهر العالم ببناء مستشفي في ايام فقط  صور



 السوسنه  اخبار  الصين  ",0
"قالوا اليمنيون في الصين مهددون بڤيررس كرونا  
قلنا الحوثي اكبر ڤيروس معمر اكثر عام  ",0
"مالوش علاقه علي فكره 
وياتري امريكا واسراءيل بيحافظوا علي مسلمي العالم ولا بيقلوهم زي الصين والهند وميانمار  ",0
واقعی پاکستانی میڈیا شر انكیزی کی خبریں چاءینہ جیسے دوست ملک کو بدنام کرنے کے لءے پھیلا رھا ھے ووھان میں کھڑے پاکستانی کیا کہہ رھے ھیں سنءیں ایک ٹچ پر  ,0
"اعداد المصابين بمرض كورونا وصلت 14 636 والوفيات 305  والمتعافين 443  معظم المصابين في الصين 
منها اليابان 20
تايلاند 19
سنغافوره 18
جنوب كوريا 15
هونغ كونغ 14
استراليا 12
المانيا 10
تايوان 10
الولايات المتحده 8

 كما وصلني  بس اعداد الوفيات رقمهم متواضع  ",0
 الصحه في بريطانيا  البحث عن 480 صينيا ووهان اختفوا في بريطانيا  ,0
الوقوع في ايد ربنا احسن الوقوع في ايد البشر كورونا احسن  ,0
" خبرفوری 
فرد مشکوک به  ویروس_کرونا در  اصفهان قرنطینه شد
 كورونا 
خبر کامل 
  ",0
تصاب الصين بالشلل تدريجيا لن ياثر عليها فقط بل سيكون تاثير الشلل عالميا في العديد المجالات الصناعيه فقط اصبحت الصين االتي تسيطر علي اسواق العديد البلدان في العالم خصوصا في العقد الاخير والسبب فيروس غريب والاغرب توقيت انتشاره والصين تستعد ان تقود العالم اقتصاديا  ,0
الصين هتلاقيها منين ولا منين     ,0
"تقارير  الصين تجاهلت معلومات طبيب حذر كورونا 

لتفاصيل اكثر


 KLiveHub  News  ",0
امريكا تمنع دخول شخص كان في الصين خلال اخر اسبوعين وتعلن حاله الطواريء الخصوص الحمدلله اخر مره رحت للصين قبل اكثر شهر  Coronarivus  كورونا  ,0
الحممدلله حنا مافينا امراض ولا اعراض وكلنا سليمين وطيبين ولكن الحجر الصحي لتاكيد وسلامتنا وسلامه وططننا الغالي     ,0
مع  كورونا   ما سيجري للمسافرين جوا للصين  كورونا_الصين  ,0
"فيروس كورنا المحترم
اسال  اللہ   ان يقويك ويطيل عمرك في الصين يجعل لك ذريه واحفاد في روسيا
وان تنال جنسيه واقامه داءمه في ايران يجعل ڵڱ اسما ظاهرا وعملا متقننا في امريكا واسراءيل وكل تخاذل وظلم الشعب السوري ولمسلمين في كل مكان يحمي امه محمد مڼڱ  ",0
الصين كارثه صحيه بعد الكورونا انتشار انفلونزا الطيور في هونان عبر  ,0
" اخبار_العالم 
 الفليبين   تسجيل حاله وفاه خارج الصين  فيروس_كورونا

  ",0
واش غادي تدير شي عمليه تعقيم قبل ما ترجعها للخدمه الاعتياديه        ,0
 الصين  ,0
" فيروس_كورونا 
 تعليم_محايل_عسير 
   ",0
بدبختانه افغانستان به وایروس های قویتر مهلکتر از وایروس کورونا مبتلا است   ,0
بعض الكلمات حراره اللقاء      ,0
 كورونا والتحرش  ,0
"2019 nCoV منشوره  
صوره اشعه مقطعيه لاصابه الرءه بفيروس كورونا  لمريضه في الصين تبلغ العمر ٣٣ عاما ويلاحظ تفاقم الحاله في الصوره علي الرغم العلاج المكثف لمده ايام  كورونا  ",0
   اجلاء اكثر 700 مواطن الصين وادير اعمال السفاره منزلي  ,0
"ليست بحرب وقنابل نوويه ولا نيازك السماء شوارع الصين خاليه  مخلوق مخلوقات الله صغير لايري بالعين المجرده ارعب اكبر دول العالم  
  وما يعلم جنود ربك الا  
لمن الملك   ",0
"فلماذا السلوك العدواني الغير انساني هذا
ولماذا السخريه والاستهذاء بالبشر ولماذا
لانقف وقفه جديه وتوعويه للتاخي والتعايش واحترام الانسان 
ونصد الكراهيه والسلوك العدواني حتي
نترك اثرا قويا ينعكس علي العالم اجمع
يتبع   الصين  ",0
لو تاملت في حالك لوجدت ان الله اعطاك اشياء دون ان تطلبها  فثق ان الله لم يمنع عنك حاجه رغبتها الا ولك في المنع خيرا تجهله   الصين  ,0
"استاذ احمد الا يوجد هناك تبادل تجاري كبير بين امريكا والصين  
كيف امريكا مستفيده واغلب الشركات الامريكيه الكبري غادرت الصين امريكا متضرره  ",0
كان فيه فقره في برنامج شريف عامر يحدث مصر دا زوجين جايين الصين وكانتو بيتكلمو علي نوع الكمامات اللي المفروض الواحد يستخدمها وطريقه لبسها كله  ,0
سفاره المملكه لدي كوريا الجنوبيه تدعو المواطنين المتواجدين في  كوريا لاخذ الحيطه والحذر والتقيد بتعليمات السلامه للوقايه فيروس  كورونا الجديد   ,0
"بلي الصين بوباء كرونا 
وبلي اليمن بوباء اءمه الاستعباد  ",0
"ابوك لما يشوف النتيجه 
  انت تروح الصين الصين حلوه     ",0
صدي البلد   عاجل منظمه الصحه العالميه  لا توجد ايه اصابات بفيروس  كورونا في  مصر  صدي_البلد  البلد عبر تطبيق نبض  ,0
" الرقاصه_يتهجم_علي_الكويت
 المعجب_السري
 بنك_مقتطفات
 فيروس_كورونا
اليوم تاريخ مميز 2 2 2020 
اتمني يصادفني شي جميل
 ويبقي ذكري مميزه      ",0
سوي دقني بعين عشان يجيني كورونا مره وحده  ,0
 Mosaique  ,0
بعد كورونا   فيروس انفلونزا الطيور  المميت  يجتاح الصين  ,0
"هههههههههههههههههههه
وذنبه ايه فيروس كورونا حرام عليكوا
ثم لو احمد موسي راح هناك الفيروس هيسيبله المكان بحكم الاقدميه وسعتها ممكن الفيروس يجي  ",0
انت ياهو تحجي الله يبتلي بليت الصين بلوه لمن اجاها كورونا الله اليستر شرلخ يصير  بعلاوي       ,0
"الوكاله الوطنيه مختبرات مستشفي  سبلانساني للامراض البكتيريه  في  روما  استطاعت السيطره علي فيروس  كورونا  عبر اكتشاف مضاد حيوي في فتره قصيره جدا 

وطبق الدواء الجديد علي الساءح الصيني وزوجته ومواطن رومانيا  تخطوا مرحله الخطر   ",0
"سجلت السلطات الصحيه في  الفلبين حاله وفاه  فيروس_كورونا_الجديد لرجل صيني مدينه  ووهان 
جريده  وجهات 
 فيروس_كورونا  ",0
"انتي عندك كورونا
طيب ما انتي عدك عدي
الهم طيلني وطيلك  ",0
بالفيديو   الامارات تضيء معالمها تضامنا مع  الصين  ,0
" 

 انت  كورونا  ",0
" كورونا_الجديد
اليوم الاول  برنامج التوعيه من
فايروس كورونا 
من تقديم
الاستاذ  مشاري الجابري
مع طلاب الصف الرابع والصف السادس


  ",0
نرجو الشعب  المصري تفويض الاعلامي الصادق احمد موسي للسفر للصين لنقل اخبار واسباب فيروس  كورونا  ,0
"تضامننا الكامل مع زملاءنا الدارسين في الصين ففي الوقت تجلي حكومات العالم طلابها ورعايها المدن المنكوبه  الحكومه اليمنيه تقطع المستحقات عن طلابها وتتركهم يعيشون ضحايا للوباء والجوع 
 فيروس_كورونا_الجديد  ",0
فينك راجل زماااان     لو كورونا اللي كان هيجيبك كنا جبناهولك زمان     ,0
ما تقوم تشوي صباعين كدا نشوف  فيروس_كورونا ده حكايته ايه  ,0
"١٠ وذلك في مقاطعات سيتشوان وجيانغسو وهيلونغجيانغ في السنوات الاخيره  
 ان الحكومه الصينيه حساسه للغايه لتهديدات الاحتجاجات كتلك وقعت في ووهان في ظل مذبحه تيانانمن 1989 تلوح في الافق  تعد الدعوات العمل الجماعي بين اكثر المواضيع تخضع للرقابه علي الانترنت  ",0
"جهتي مامن حالي نحنا بالضيعه ماعنا بشر ولا بنشوفن الا بالمناسبات والاعياد   
 مع_الصين_ضد_الامبرياليه  ",0
لايكون رحتي الصين      ,0
"كيف يعيش المغتربون المصريون في ووهان     طالب دكتوراه مصري يكشف  اندبندنت عربيه  التفاصيل 
 اندبندنت_عربيه_تغنيك  ",0
"مصريه ترفض العوده الصين   هرجع بالدكتوراه مش الموت 
التفاصيل  
 صدي_البلد  ",0
"الطاءره الجزاءريه الثانيه لنقل الاخوه التونسيين الليبيين الجزاءر الصين خجوه راءعه لاثبات ان ما افسدته السياسه قد تصلحه الايام    

سبق قد ملك الاردن بنفس الفعل نقل طلبه عرب الصين     

    

 فيروس_كورونا  ",0
"بعد  كورونا    فيروس انفلونزا الطيور يتفشي مجددا في الصين
عبر  اخبار العالم

  ",0
" البنتاغون يخصص قواعد عسكريه لاستيعاب المحجور عليهم  كورونا
 شبكه_الاسبوع  ",0
احنا نوديه الصين الصين حلوه  ,0
"شوف اخويا كل دول العالم المتقدم يجيلها كورنا علي هيءه فيروس احنا في مصر بناكلها علي هيءه بسكوت عادشي  
عرفيهم غلطهم مسر   
 كورونا  كورونا  كورونا_فيروس  كورونا_الجديد  كورونا_لا_يهدد_مصر      ",0
حتي كثر ما محمد بيشي بيفشخ المستشفي كمامات مصور نفسه   ,0
"اعراض فيروس كورونا 
نفس الاعراض لما حرمتك تمسك موبايلك    
ارتفاع الحراره    تسرع نبضات القلب    قلق    توتر    اصفرار    اسهال    الم بطن شديد
       ",0
سوته الصين في الايغورمن ذبح وقتل وحرمانهم ممارسه طقوسهم الاسلاميه واختطاف الاطفال المسلمين عشان يخلونهم اعداء ضد دينهم لمن يكبرون ماشوف المشاهير او وساءل الاعلام تحجت عن حدث بس لمن جاهم فيروس قاتل دمرهم الرءيس الصيني تحدا الله الكل متعاطف معاهم خراعليكم  كورونا  ,0
عاجل  طبيب مختص يكشف للعالم علاج فيروس كورونا ويدعو لاستخدامه قبل فوات     عبر  ,0
" القطريه  تعلق رحلاتها  الصين نظرا للتحديات التشغيليه الراهنه

 كورونا
  ",0
ولقد كان اهم اسباب انسحاب ترامب اتفاقيه باريس للمناخ قناعته ان الصين المسءول الاكبر عن التلوث البيءي العالمي وتغير المناخ وارتفاع درجه حراره الغلاف الجوي لكوكب الارض وينبغي عليها تحمل العبء الاكبر في جهود وتكلفه حمايه الكوكب التلوث ولم يفهم الغرب ذالك ولم يستوعبه  ,0
الله قبل امس تعرضون المساعده الصين     ,0
دول كبري تعارض الاتفاق الصيني لاسباب مهمه فوجود الصين في الشرق الاوسط خلال بوابه العراق سيمهد لنفوذ صيني عالمي وسيجعل الصين القوه الاقتصاديه الاولي علي مستوي العالم الثورات والاضطرابات حصلت بالعراق وتنحيه عبد المهدي احد الاثار الجانبيه لهذه الاتفاقيه  ,0
"لو فرضنا انو السودانين الهناك مصابين   
فرض العلاج افضل ليهم في السودان ولا الصين   
هل بلدنا دي في وضعها الراهن ده بتقدر تكافح المرض وصل لا قدر الله     ",0
 الصين_كورونا  ,0
"الصين امريكا بريطانيا فرنسا كوريا الشماليه المانيا 
لديهم مختبرات لتصنيع الفيروسات كسلاح جرثومي قاتل خاصه وهم يملكون مخازن لفيروسات الطاعون الجدري الحصبه الايبولا 
الحروب الاقتصاديه لاتحتاج جيوش
بل نشر محلول جرثومي في محطات المياه او الهواء وينتهي الامر  ",0
عاجل   البنك المركزي الصيني يضخ 173 لمكافحه فيروس  كورونا  ,0
شهد العالم باسره عظمه الله سبحانه في جمهوريه  الصين العظمي ولازال العالم لا يتفكر ولا يتعظ  ,0
الله قادر كل شي يااخوان في الصين عبره كل ما حرمته المسلمين ياتي به الله اليهم  ,0
" ابو_ظبي   تضامنا مع  الصين    الامارات تضيء  برج_خليفه ومعالم اخري بالوان العلم الصيني

في حمله اطلقتها الامارات للتضامن مع الصين تواجه فيروس  كورونا   اضاءت عددا معالمها البارزه وفي مقدمتها برج خليفه ومبني شركه بترول ابوظبي  ادنوك   بالوان العلم الصيني   ",0
" 
اطلبوا العلم اينما كان الا في الصين
    ",0
تدبیر ساده برای کنترل مدیریت موضوع شیوع  كورونا نمیتونن انجام بدن اونوقت شش ساله دارن خودشونو پاره میکنن اای فقط ما بلدیم کشور اداره کنیم بقیه خرن  ,0
"باتمان نزل ينقذ الناس الصين عادي 
الناس بيشكروه  ",0
جد كورونا  ,0
 كورونا  ,0
تعليم الاحساء يطلق حمله توعويه صحيه للوقايه فيروس كورونا الجديد    ,0
مقارنه بين انواع فيروسات  كورونا  ,0
طب عايزه افهم الصين بتتعامل ازاي مع اكتشاف حاله نقله للفايروس  وكما قريت ان في حاله بتتعافي لو مش خطيره   كورونا  ,0
"تعليمات الوقايه فيروس الكورونا
朣楢琴执执 瑩浻牡楧硰执执獧浻牡楧敬瑦 絸朣杢执獧扻捡杫潲湵 潣潬昣昸昸慢正 牧畯摮椭 慭敧敷止瑩札慲楤湥楬敮牡氬晥⁴潴敬 瑦戠瑯潴牦浯潴 捥捥捥戻捡杫潲湵浩条眭 扥楫 
وينصح ب
  楬敮牡 札慲楤湥潴昣昸昸攣散散戻

ولا تنسوا غسل اليدين           ",0
شرايكم نسافر الصين التذكره علي حسابي  ,0
"ظهور لكورونا الجديد كان في مدينه يوهان الصين   احتمال كبير يكون ترسب بيولوجي نظرا للابحاث اللي قامو بيها الصينيين ظهور للمرض كان يبعد بمسافه قريبه المختبرات 
مسار المرض غير معروف توجد فرضيات كثيره   ",0
"بيان  الخطوط_السعوديه حتي اشعار اخر  
 الصين  كورونا 
   ",0
فیروز  چین کې افغانستان سفیر په ووهان کې افغان محصلینو روغتیا په تړاو ډاډ راکړی او ټول افغان محصلین ښه دي   ,0
"مقتدي القذر خميني العراق الجديد 
سرطان العراق مقتدي المنغولي والغنم مالتو 
 كورونا العراق مقتدي
 يسقط_محمد_توفيق_علاوي 
 مقتدي_خاءن_للوطن  ",0
"انفلونزا الطيور تعود للظهور في  الصين تزامنا مع كورونا
  ",0
"منظمه الصحه العالميه  دول فقط في  الشرق_الاوسط لديها امكانيات مختبريه للكشف عن  كورونا

  المنظمه تعتزم تزويد 10 دول في المنطقه بادوات اختبار الفيروس وارشادهم بطرق التعامل 

  ",0
يادرا فيك  فيروس الكورونا  ولا مفيكش لا لا مفياش ايا روح تربح   ,0
تنظيمات جهاديه اخطر فيروس كورونا  ,0
ايران تفرض رقابه صحيه مشدده علي الوافدين الصين  ,0
الاشتباه باصابه 25 في قطر بفيروس  كورونا     ,0
سعيد جدااا بمرض الكورونا حقيقي حاسس ابتلاء ربنا للصين علشان اللي عملوه المسلمين كلهم بقيوا محجبين حقيقي حاجه تفرح  ,0
يكولون فيروس كورونا دخلوه للعنايه المركزه بعد اصابته بمرض مقتدي الهبل      ,0
"وراك وراك حتي لو هربت  لبنان
مصارف لبنان اخطر  فيروس_كورونا  ",0
" الصين  ارتفاع عدد الوفيات بفيروس  كورونا 304 اشخاص
  ",0
الحكومه الروسيه تدرج فيروس  كورونا  الجديد ضمن قاءمتها للامراض الخطيره  يتصدرها الايدز  والطاعون  والسل  في وقت تستعد فيه للبدء باجلاء مواطنيها العالقين في مقاطعه  هوبي  الصينيه علي متن طاءرات عسكريه  غدا الاثنين   قنا  ,0
"عساهم بالمرض ينتشر بينهم لين يبيدون عن بكره ابيهم 

حسبنا الله ونعم الوكيل فيهم    اللهم زدهم وباء وافتك بقوتك وبطشك ياحي ياقيوم  ",0
" عاجل البنك المركزي الصيني يخصص 1 2 ترليون  173  لمكافحه  كورونا المستجد

 جريده_الرايه  ",0
"حتي لو 305 حاله ماتوا في الصين 
و 14300 حاله مصابه علي مستوي العالم والمرض رصد حالات له في 25 دوله علي مستوي العالم 
لا يعتبر حتي وباء مقارنه بعدد سكان العالم 
منظمه الصحه العالميه بتضخم مرض جديد بتعمل حاله ذعر علي مستوي العالم دون مبرر مقنع 
تذكري انفلونزا الطيور  ",0
" فيروس_كورونا_الجديد
اعراضه     وطرق انتقال العدوي  ",0
"فعن عاءشه  رضي الله تعالي  قالت  سالت رسول الله عن الطاعون فاخبرني  عذاب يبعثه الله علي يشاء  الله جعله رحمه للمءمنين 

 كورونا_طاعون_العصر   
 كورونا 

  ",0
" وزاره_التعليم  فيروس_كورونا 
طرق الوقايه فيروس كورونا  ",0
 كيف قفز  فيروس كورونا  باسعار الذهب    ,0
قطاع الاعمال  تاجيل مفاوضات تصنيع السياره الكهرباءيه مع الشركه الصينيه كورونا  ,0
" كورونا  يودي بحياه 304 ويصيب 14 الفا 



 كورونا  ",0
"

 كورونا  فين_حق_الاهلي  صباح_الخير  ليه_الراجل_دايما_سنجلᅠ  ",0
بعيدا عن العواطف لو هم الصين حيتعالجو لو جو السودان حيموتو هم قبل نقل وباء  ,0
"في ظل الصراع الاقتصادي المحتدم بين الصين وامريكا يظهر فيروس كورونا يجعل اكبر اقتصاد عالمي معزول ومحاصر  
اغرب ما في الامر التوقيت  الحشرات الحليفه لحدوث الكوارث
 زلزال تركيا وقبلها ايران عشيه قصف قاعد عين الاسد  مشروع هارب تقينيه متقدمه جدا والمستفيد المتهم الاول  ",0
وفي القلب حراره     ,0
"مع تفشي الوباء الفيروسي    السعوديه تعلق رحلاتها  جوانزو  الصينيه

  ",0
مره احس بالشعور ده كل مره لما اجي اقراء سوره  البقره  كنت اقراها متقطعه كل اقراء كام ربع عشان اخلصها بس انبارح نويت اقراها كلها كامله حسيت بشعور غريب في جسمي واوول مره احس بالشعور ده وجسمي كله طالع منه حراره غريبه وعمري محسيت بالكلام ده قبل كده     ,0
اللهم نستودعك الكويت واهلها واحبتنا في كل مكان والمسلمين والمسلمات يامن لاتضيع عنده الوداءع اللهم نعوذ البلاء ونعوذ البرص والجنون والجذام سء الاسقام  الصين_كورونا  ,0
"عاجل الفلبين تعلن وفاه بفيروس كورونا الاولي خارج الصين العربيه
 الفلبين
 الصين
 فيروس_كورونا  ",0
 صراع مع الكحه   ,0
السلطات الصينيه تستخدم طاءرات الدرون لتحذير الناس بعدم الخروج وارتداء الماسك وغسل اليدين جيدا في محاوله للسيطره علي فيروس  كورونا  القاتل الصامت    ,0
"جديدنااا 
 قماش جفنشي هندي شتوي خااامه نظيفه
 قماش جفنشي صيني ربيعي خامه نظيفه 
 ثلاثه متر ونص عرضين
 ٢ علامات الماركه 
 ٨ زرارات جفنشي 
 شماغ جفنشي 
 مقاسات الشماغ 60 58 55
 شنطه يد قوتشي_لويس فيتون
 عطر مخلط الشرق ١٠٠ملي
 علبه فخمه ماركه جفنشي 
 السعر  270ريال فقط   ",0
ههههههههههه بالله خليني ماعنديش متنفس الا الحاجات هده   كورونا وحرب واستقاله    نعيشوا ايامات حلوه باللي يجي  ,0
وصول الطلاب السعوديين الصين  ,0
" اندونيسيا توقف رحلاتها والي  الصين
 فيروس_كورونا
 coronavirus

  ",0
كلنااا حتي لو عز الحر اصلا حراره الجسم تختبص كلها  ,0
 كورونا     ,0
واش عرفت شحال عدد سكان الصين ونص اييه اسيدي  ,0
خل نخلص موضوع الكورونا   ,0
الصين  وصول اجمالي عدد الاصابات بفيروس  كورونا في 14380 حاله وعدد الوفيات 304 حالات  ,0
" كورونا_الصين

طرق وزارات الصحه في كل مكان بالعالم للتعامل مع المرض مشابهه للتعامل مع حاله الزومبي حيث ان الشخص المصاب يتعاملون معه كعدو وكانه كاءن زومبي مع الاسف  ",0
 مصر تجلي مواطنيها الصين بطاءره خاصه   ,0
الحين السيسي يروح الصين ويرجع السعوديه عشان يسكن معاهم  ,0
"للتقليل خطر الاصابه بفايروس  كورونا المستجد 
 توعيه  مكه  وقايه  ",0
ظهور حاله اصابه بفيروس الكورونا بمصر  ,0
عقبال ما تختفي الصين الكره الارضيه شعب قذر وعديم رحمه  ,0
"الصين تواجه فيروس كيرونا باستخدام الكمامات التركيه    
بعد ان نفذ مخزونها المستلزمات الطبيه   
اوباش الاعراب   يريد مقاطعه تركيا      ",0
"الصين ترسل وحدات طبيه عسكريه لمواجهه   كورونا 

للتفاصيل   ",0
لا تقيس وعيك وتخبرنا بانك الاكثر تجربه في الحياه انت لا تعلم مامر به امامك لا تستعرض انجازاتك بسطحيه متلبس رداء الفلسفه مادام لا ينعكس انت لست انا وانا ليس الاخر مظهرك يثير وباء النفور    ,0
"لان جسدهم حاضن جيد للمرض  
تره تلاقيهم كلهم شعب الصين عرضه الشي مثل ما قلت الوباء نايم في جسدهم وهذي نتيجته
  طيب الناس انتقل غير تاكل ما سبق لماذا        ",0
"ووهان عاصمه مقاطعه هوبي وتعتبر اكبر مدينه والاكثر اكتظاظا بالسكان في وسط الصين  ويبلغ عدد سكانها اكثر 11 مليون نسمه  وسابع اكثر المدن الصينيه اكتظاظا بالسكان  واحده مدن وطنيه مركزيه في الصين 
 الصين  ",0
"اضيء  برج_خليفه تضامنا مع مدينه ووهان في جمهوريه الصين الشعبيه  

 BurjKhalifa  Wuhan  ",0
"لو تابعت الثريد   فقد ذكرت سابقا وبحسب ان عدد المصابين يحب ان يكون بين ٥٠٠ مليون مصاب   والوفيات لابد ان تصل ٩٠ علي اقل تقدير  
لكن بيانات الصين نوعا ما مضلله    ",0
السكك الحديد الروسيه  تعليق رحلات قطارات الركاب والي الصين اعتبارا غد فايروس كورونا  ليبانون_ديبايت  ,0
"منظمه الصحه العالميه  سيتم تسليم مصر كواشف لفيروس كورونا الجديد خلال الساعات المقبله
 كورونا
  ",0
ههههههههههه كورونا اعبر الشوق هالايام  ,0
لا روحي الصين     ,0
حبذا لو كان صياغه الخبر هكذا وزاره الصحه ولله الحمد والمنه لم نسجل حاله اصابه بفيروس  كورونا  المستجد في مناطق المملكه  ,0
"كثرت الا قاويل عن فيروس كورونا اجارنا الله واجاركم كل سوء 
ومع الا سف بدل الدعاء واخذ الحيطه والحذر اخذ بعض الناس
يتحدثون بانهم يستحقون لعدم دينهم وعاداتهم صحيح  ولكن نسال الله العافيه والعفوولا نتهكم ونسخر فالابتلاء الله حتي للمسلم   ",0
"التضامن مع الصين في محنتها مع فيروس كورونا 
 فلسطين_مع_الصين
 كورونا  PalestinewithChina  Coronavirus  ",0
فيروس كورونا  منظمه الصحه العالميه تنصح دول العالم بالاستعداد لوصول الوباء  ,0
" الصين تبدا بانتاج علاج محتمل  كورونا
  ",0
كمان السبب بالحرب الاهليه والعالميه ومرض الكورونا  كفاكن_دجل  ,0
 الصين تطلق تطبيقا جديدا يسمي  كاشف_الاتصال_الوثيق يسمح للناس بالتحقق احتمال اصابتهم بفيروس  كورونا  وقم تطويره قبل الدواءر الحكوميه الصينيه بالتعاون مع  مجموعه_الصين_للالكترونيات التابعه للدوله  فماذا عن طريقه عمله   ,0
"سالب  مولعه وتبي ترتاح تضيفني سناب
snb kma 108    ا

سكس_فون
محنه
نيك
سناب 
جنس
ينيك
يلحس
لحس
مص
تمص
قحبه
كام
فويس
شرموطه
كسي
زبي
زب
خال
فحل
فحلك
الرياض
دادك
زب
مقوم
سكس
عنيف
تعنيف
حاره
حراره
كس
مطلقه
متزوجه
تنزل
مشتهيه
الرياض
الشرقيه
الشمال

     mعفغففثتدخغعاااا  ",0
اللهم عافنا كل بلاء واشفنا كل وباء وارحمنا واغفرلنا  ,0
عند الخلاف     لا تنكر فضل    ولا تفشي سر    ولا تهتك ستر  لا تنسوا الفضل بينكم     ,0
"مش ليعرف وين بتكون امريكا شي بيكون مفكرا جنوب الصين  
جماعه الحزب عندن مشكله بالبوصله سنين عم بدورو  القدس  ",0
"ليه امريكا ماتكونش اللي عامله الكورونا عشان تضرب الصين  
ما الصين طول عمرهم بياكلوا خفافيش دبان صراصير اشمعني دواقتي ياعني       ",0
"اقيمت الاحد 1441 6 22 ه
محاضره بعنوان فيروس كورونا 
 اعراضه والوقايه منه  
بتعاون مع مركز طب الاسره بالفايزيه  ",0
حقيقه مايجري في الكواليس حول فيروس كورونا بين امريكا والصين  ,0
طب ماهو الكرونا مش هتبقي في الصين بس  ,0
"فيروس كورونا  الاعلام الروسي يشير  المءامره الامريكيه 
  ",0
بيبقي شهر كءيب علي قلبي في مصر وكل سنه موعودين فيه بمصيبه وانا خايف مصيبه السنه دي الكورونا  ربنا يسلم اهل  مصر الغلابه كل شر والكورونا دي ماتصيبش الا السيسي وكل اللي حواليه قادر كريم   ,0
وفيات  كورونا 1600 المعلنه  ,0
 السياحه تترقب تداعيات  كورونا    ومعرض برلين يحدد مصير القطاع   ,0
"الكشف عن اصابات اسراءيليين بفيروس كورونا
  ",0
عدد السواح والزوار هونغ كونغ  كورونا_فيروس  ,0
يارب يخلص موسم كورونا قبل تخلص اجازتي     ,0
استغل فيروس كورونا  ,0
"ایپل نے چین میں کورونا واءرس کے خوف سے بند دفتر دوبارہ کھول دیا

 GeoNews  ",0
ولا يهمك ميه نار لو امكن ياريت اهو نضافه كورونا وغيرها  ,0
احنا هنموت كورونا بالضحك     ,0
قدمت الخطوط الجويه الملكيه الهولنديه  KLM  اعتذارا رسميا بعد عدم السماح لمسافرين بعينهم باستخدام الحمامات مخاوف فيروس كورونا  حيث احد افراد الطاقم ورقه علي باب دوره المياه كتب عليها بخط اليد وباللغه الكوريه فقط   مرحاض لافراد الطاقم فقط    ,0
"ارتفاع كبير في عدد مصابي كورونا السفينه السياحيه العالقه قباله طوكيو
 صدي_البلد  البلد
  ",0
الكحه هتسيبني انام بردو دي تيجي  ,0
برنامج توعوي عن كورونا وطرق الوقايه منه تنفيذ المرشده الصحيه  نوره الجعيد  فيروس_كورونا  تعليم _بيشه  ,0
مطويه عن مرض كورونا واسبابه وطرق الوقايه منه  ,0
" اداره_رياض_الاطفال_بتعليم_الجوف
 فايروس_كورونا  ",0
الخطر الاكبر لن ينتهي الا بقيام الساعه الانسان في حد ذاته الكورونا قطره في بحر خطرهم  ,0
الكرونا نوعين نوع له علاج  والنوع الفتاك في ووهان في الصين شوف الحزب الشيوعي بيعمل ايه وكيفيه المعامله مع المرض والهستيريا اللي بتظهر في الفديوهات المنقوله وانت تعرف قد ايه الوباء جد خطير  اما كرونا الخفيفه بتروح مع العلاج  ,0
355 اصابه كورونا  علي السفينه السياحيه في اليابان  ,0
"فيروس  كورونا    احدث تطورات المرض القاتل علي مدار الساعه 
 الاردن24  جو24  عمان  Jordan  الاردن
  ",0
ظهور 70 حاله اصابه جديده بفيروس كورونا في سفينه سياحيه باليابان  ,0
"تفعيل التوعيه بفيروس كورونا خلال الاذاعه 
باشراف مركز المصادر بالمدرسه 
ا  ليلي مريكي   قاءده المدرسه 
عيده عتيق 
المنسقه الاعلاميه 
وجدان شايم  ",0
يارربب كورونا يذبح كل الصينيين     ,0
جدعان حد يجيله كورونا يقول بلاش شغل بكاسه  ,0
شوفت فيديو مريب عن صنييين مصابيين بفيرس كورونا بيتفو في الاماكن العامه شعب ماعندوش رحمه وبغل ربنا يعافينا  ,0
اخر اخبار  كورونا  في شرق المتوسط  ,0
اللهم سلط فيرس كورونا علي الظالمين عبادك  ,0
" فيروس_كورنا
 فيروس_كورونا_الصين  ",0
امريكا موظف بنك يستدعي الشرطه لعميله قناع كورونا  ,0
"الصين تضع الاوراق النقديه في  الحجر  لوقف انتشار  كورونا 
  ",0
تعتقدون ان  فيروس_كورونا سيصبح الخطر الاكبر يواجه البشريه في القرن   ,0
"كورونا يرغم  فيسبوك  علي الغاء مءتمرها التسويقي العالمي
  ",0
" coronavirus رجل في الهند انتحر لانه اعتقد يحمل فيروس  كورونا بالرغم تاكيد الاطباء له لا يحمل الفيروس 
الرجل فعل حمايه لعاءلته حيث كان يشاهد فيديوهات عن المرض واقتنع ان عنده اعراض مشابهه   ",0
يلعن كسم الصين والله  دوله نجسه بكل تفاصيلها حتي لغتها وهيا التيشيرت نحسانا  ,0
"عنوان نشرتنا 
 فيروس كورونا الجديد وطرق الوقايه منه  ",0
" انا_لست_فيروسا
كل التقدير وكل التضامن مع الشعب الصيني    الصديق بكفاحه ضد فيروس  كورونا  Coronavirius  ",0
 كورونا  مستمر بحصد الارواح في الصين ب142 حاله وفاه جديده  ,0
"ووهان  الدفعه الاولي 17 خرجوا مستشفي دونغشيهو المءقت  معا_ضد_كورونا
  ",0
"ظهور لزعيم كوريا الشماليه علنا تفشي  كورونا 
  ",0
 عاجل   الامارات تعلن عن تسجيل اصابه جديده بفيروس  كورونا تعود لمواطن صيني حالته مستقره  ,0
سجلت الصين انخفاضا في عدد حالات الاصابه بفيروس كورونا الجديد الاحد حيث اشار احد المسءولين الصحيين ان الجهود المكثفه لوقف انتشار المرض قد بدات في العمل   ,0
"امتحان عسير ينتظر كلا وايضا مع للوقوف بقوه تفشي كثير الاحتقان والفلتان في رياضتنا وبعض ادواتها والمسببات قبل ان تردد كل الانديه المثل يقول   اكلت_يوم_اكل_الثور_الابيض
والقصه معروفه 
 الشباب
 النصر 
 القادح
 قرنبع
 الجاليات  ",0
"سلمك الله  

شويه كورونا  ",0
تسريبات لما يحصل في الصين الله  ,0
المستشفي الوحيد يستطيع علاجك فيروس كورونا  ,0
"مباشر مقر الحجر الصحي بمعبر رفح 

 فايروس_كارونا  ",0
الامارات تعلن تسجيل اصابه جديده بفيروس كورونا لشخص صيني  ,0
" الصحه تجدد  لا  كورونا في  الكويت حتي اليوم
  ",0
1665 شخص حصيله وفيات كورونا   ,0
 اجلاء_يمنيين_ووهان حاولنا قدر الامكان نبعد قضيتنا وعدم تسييسها بعض الاحزاب ولجانا لكم اصحاب الفنادق لعل وعسي تتحركو لاكن زي العاده ونفس مواقفكم تجيب العار في تاريخكم كله عار  ,0
عم الصين    ,0
اعلنت مءسسه مسافرين بلاحدود عن ظهور نوع جديد  كورونا يجسد تحديا كبيرا العالم خاصه  اشد خطوره سابقه ممايعني ان مخالطه الافراد بالمطارات تهدد حياه الانسان  ورغم اتخاذ عدد الدول احتياطات بالغه الحذر للحد انتشار العدوي الاان السفر لايزال خطوه غير مامونه حتي  ,0
حراره الفقد امي لم تبرد مع الوقت  انا فقط اعتدت عليها وروضت جموح اشتياقي وعمق احتياجي مع الوقت ٠٠٠اللهم ارحمها اضعاف شوقي وارفع منازلها وتجاوز واجزها عنا خير الجزاء٠٠٠اللهم اعني علي رفع اسمها وتخليد ذكراها والدعاء لهت ماحييت   فاطمه_الصمعاني  ,0
" الصحه
سلامه الطلبه السعوديين القادمين مدينه ووهان الصينيه وخلوهم  فيروس_كورونا ومغادرتهم الحجر الصحي  ",0
"ذكرت اللجنه الوطنيه للصحه في الصين  الاحد  ان عدد الوفيات بفيروس كورونا الجديد في البلاد بلغ الفا وستمءه وخمسه وستين حيث زاد عدد الوفيات في اقليم هوبي  مءه وتسعه وثلاثين  
  ",0
" وزاره_الصحه تعلن رسميا بفضل الله لم تسجل حتي حاله اصابه بفيروس  كورونا الجديد  Covid 19  داخل  المملكه    
وبلغ العدد الاجمالي للحالات حول العالم  69256  شخص معظمهم في  الصين  تعافي منهم  9645  بينما توفي 1669  وندعو الجميع اخذ المعلومه المصادر الرسميه   ",0
"ياااااااااااااااااااااع
وقال وين اجت الكورونا  ",0
تقريبا فيه حاله كورونا في الرحاب وربنا يستر رب بس الناس ماتستهونش ويا ريت الناس تبتدي تقرا عن اعراضه واسبابه وكده وناخد بالنا وربنا يحمينا باذن الله  ,0
"تطبيق صيني رسمي للتحقق خطر الاصابه بفيروس كورونا

 برامج  تطبيقات

  ",0
" الصين  ارتفاع وفيات  كورونا 1665 واكثر 65 مصاب



 صحيفه_المدينه 

   ",0
"بينها النساجون الشرقيون للسجاد    10 شركات مدرجه بالبورصه المصريه مدي تاثير انتشار فيروس كورونا عليها

التفاصيل     ",0
شبح كورونا يلقي بظلاله علي اسبوع الموضه في لندن  ,0
"يااااه ايام خلت وفتره طويله كيف حالك لقد تغير كان شخص وزنه لايتجاوز 45 
ولحظه رءيتي له شخص تجاوز 60 كيلو غرام
فدخل لداخلي حراره الذكريات كيف حاله وكيف اموره فوجدته تحسن بالكامل تبادلنا اطراف الحديث عن بالقسم فضحكنا لما  ",0
"والله قهر وباطل ماحد سال عليهم طيب وسفير اليمن راتبه اغلي راتب وزير بلعالم وتبعه حشم وخدم وين  
المهم اقعدوا عندكم وتركوا امركم لله موته اما بكرونا وفي الصين والا علي يد حوثيين واصلاحيين  ",0
وتجد سلطات الصحه اليابانيه صعوبه بتتبع مسارات العدوي لبعض حالات الاصابه ظهرت بالبلاد  ابيه ان الحكومه تحاول زياده عدد المراكز الطبيه المجهزه بشكل جيد والقادره علي التعامل مع تفشي الفيروس  وتم تخصيص مبلغ يفوق ال130 مليون لدعم ابحاث ايجاد علاج لفيروس  كوفيد 19    ,0
صور حقيقيه   هكذا يبدو فيروس  كورونا المجهر  ,0
معقول صحيح هلخبر عن الصين  ,0
نمت باحتقان وانتظر متي اقوم وفيني حراره    وشكله مستعجل ما انتظر لين اصحي الصباح الله المستعان بس  ,0
تشرفت المدرسه بزياره مشرف الصحه المدرسيه  حسين عامر المالكي     للوقوف علي سير العمل    وبعض التوجيهات حول الصحه العامه واستخدام التقنيه ومرض كورونا  الملف_الاعلامي_بوزاره_التعليم_١٤٤١  ,0
بيحضر حواوشي للقضاء علي الكورونا      ,0
" عيال_الرقيبه
يع ودك تحشرهم في الصين يجيهم كورونا ونرتاح تفكيرهم المتخلف  ",0
" فرنسا تسجل حاله وفاه بفيروس كورونا الجديد في اوروبا
توفي ساءح صيني يبلغ العمر 80 عاما امس الجمعه في مستشفي بفرنسا كان يوجد به نهايه اصابته بفيروس كورونا الجديد  ليسجل حاله وفاه بالفيروس في اوروبا
 معا_ضد_كورونا  ",0
"ارتفاع عدد الاصابات كورونا  355 حاله علي متن  السفينه الموبوءه  

  جريده_الان  ",0
" ياسر_ايوب يكتب  الحرب بين  طوكيو  كورونا
  ",0
احنا مش خايفين فيروس كورونا   اد ما احنا خايفين ان وزاره الصحه بتاعتنا قررت تواجهه     ,0
كورونا وجهه نظر مصريه  ,0
" اسراءيل تعلن اصابه مواطنيها  كورونا علي متن السفينه اليابانيه

  ",0
جابو حتي لعابا مزيانين بقا غير كورونا  ,0
علاج كورونا علاج فيروس سي بس نزود البقدونس نقلل نسبه الطحينه   ,0
"المتحدث وزاره الصحه  اغلقنا وطهرنا مكان العمل ومكان الاقامه لحاله كورونا في مصر امن تماما
 الحكايه
 MBCMASR  ",0
ندرس اقامه مدينه صناعيه حديثه في خليص تستوعب صناعات ثقيله الصين وتايوان وروسيا والمانيا وهولاء يفكرون نقل الصناعه  ,0
الانفتاح السعودي علي الصين ليس استثناء  وانما يعبر عن استراتيجيه تبنتها  السعوديه تهدف خلالها تنويع الحلفاء  والتوجه شرقا باتجاه روسيا والهند والصين  لكن الاخيره اخذت النصيب الاكبر  ,0
وزاره الصحه توعز بوضع العاءدين دول الشرق الاقصي رهن الحجر الصحي  ,0
"خايف حمامتي الكورونا    
او انا مريضه ولا عندها ضعف النظر ولا حوله راحت لغيري  ",0
"احدث تطورات   كورونا  في الصين

للتفاصيل   ",0
 الامارات تسجل اصابه جديده بفيروس كورونا   ,0
" تلوث_الهواء في مستوي قياسي في بكين   
 الصين_كورونا
  ",0
تساءلات حول قدره  النقدي الاجنبي  لحمايه الصين فيروس  كرورنا   ,0
نفسي اعرف كيف الفيروز شاف الصين لما غزاها مغما علي عيونه بكيس ومربوط برقبته فين شافهم بالله افيدونا         ,0
بعد ازمه  كورونا    تويوتا وهوندا تستعدان لاعاده تشغيل مصانع  ,0
"وزيره الصحه تعلن انتهاء الحجر الصحي للمصريين العاءدين الصين
 TeNTV  TeNNEWS  ",0
صحف بريطانيه تناقش وصول كورونا افريقيا ظاهره التحرش في مصر ومعايير فيسبوك الامنيه  ,0
فلترحلوا انتم ايران فانتم وباء علي لبنان دماءكم دفعتموها اجل المشروع الفارسي المعادي لكل ماهو عربي ومسلم راياتكم الطاءفيه   ,0
سءال  ان شاء الله في مسح لفيروس كورونا علي القادمون الكويت في المنافذ الجويه والبريه للكويتيين وغير الكويتيين   ,0
رجال الاعمال والاقتصاديون   رءي مختلفه حول  كورونا   ,0
كورونا مجوزه مره اشوف كورونا مجوزه       ,0
الصين تعلن تراجع نسبه الحالات الحرجه المصابه بكورونا  ,0
"70 اصابه جديده بفيروس  كورونا  علي متن السفينه  اميره الالماس  

 كورونا 
 بوابه_الاخبار
  ",0
بعد الغاء مءتمر الجوال تخوفا كورونا   فيسبوك تلغي لقاءها العالمي للتسويق  ,0
وزير الدفاع الامريكي يعلن المواجهه مع الصين  التحدي الاول وليس روسيا  ,0
"اللهم امين وياك يارب العالمين 
وش فيكي عسي 
ليكون فيكي كورونا الله يصرفو عنا  وعن المسلمين       ",0
"الصين وضعها خطير
كمامات وحفاظات  
وزياده في عدد الاصابات والوفيات

الله يرفع عنهم الضر ويحفظنا منه
 كورونا  ",0
"التنمر حل في نفس المعتدي حوله عدو لمجتمعه وباء مجتمعه بالخسران والتنكر حل علي جسد او مسمع المعتدي عليه حوله لبءره ضعف وانهزم وقتل في داخله مكامن قوته تنهض به وبمجتمعه  
  ",0
"عندي تساءل صغير 
وش معني دبي اكثر مدينه يشفي مصابين كورونا الجديد 
هل لان عندهم اكسبو السنه ذي مثلا  ",0
"
مرحبا
اتسال عن الاوضاع الصحيه في اندونيسيا  كورونا  لاني اخطط لسفر اندونيسيا نهايه الشهر
فهل اكتشاف حاله هناك   ",0
انتحار طالب في السعوديه بعد احتجازه للاشتباه باصابته بفيروس كورونا المشهد اليمني  ,0
بص الاول الشخص بيعمل اوبيرتعش وبيقل العرق عشان رفع الحراره اصلا ده ميكانيزم اساسا دفاعي الجسم فا اما توصل للمرحله بعدها الحراره بتعلي المفروض تبدا تنزلها بخافض حراره وكمادات خاصه لو اعلي ٣٨ اما تبدا تنزل الجسم لوحده بيعمل وبيعرق فالغطا ملوش علاقه  ,0
كورونا كورونا      ,0
"الصين  اقاله مزيد المسءولين في مقاطعه هوبي مركز تفشي  كورونا 
  ",0
وكيل صحه سوهاج يشارك جامعه سوهاج ندوه توعويه عن فيروس كورونا المستجد  ,0
الحرب العالميه بوجهها الجديد كورونا  ,0
"طالب سعودي يبتكر طريقه لحمايه الحرم المكي وزاءريه كورونا
 ساعه_شباب 
 خليجيه  ",0
"لفته انسانيه برشلونه للتضامن مع الصين كورونا


نيوز سناب سي ان ان  ",0
" عشان اشوف شذوذكم فسوقكم دا ذنبكم العظيم الشنيع البيهدم مجتمعات بيخرب الطبيعه السبب في فيروس كورونا ادعو عليكم فتره لفتره امكن احاول ارجعكم لميولكم الطبيعيه 
جاوبت بدلا  ",0
"بينها النساجون الشرقيون للسجاد    10 شركات مدرجه بالبورصه المصريه مدي تاثير انتشار فيروس كورونا عليها

التفاصيل     ",0
كورونا تفتك باعضاءه كما في الصين تدمرهم  ,0
خوفا كورونا   البنوك الصينيه تبدا تعقيم الاوراق النقديه  ,0
"بعد الفديوهات تاتي الصين 
المرض قاتل جدا  حتي رءيه مشتبه به تءدي لهستيريا رجال الامن يعاملونه كاوحش لا قتله  قد يكونوا علي صواب لاننا لا نعرف مدي الخطوره ولا اعداد الضحايا ولكن الرحمه حلوه عسي الله ان يكشف البلاء  ",0
 الصحه  تعلن سلامه الطلبه القادمين ووهان الصينيه   وتءكد مغادرتهم الحجر الصحي  ,0
 الصحه  في غزه تبدا اجراءات حجر صحي كورونا  ,0
"جايه بدي انزل الopenCV بطلعلي هيك  
كورونا واضحه يعني   
اذا مش البشر الكمبيوتر  ",0
"الاخضر مريح للنظر كان يصطحب بمناور وشباك لدخول الهواء والشمس تنشر بالدفء وتملء المكان حراره   

اتغزل  ",0
 كورنا_الجديد  كورونا  كورنا_الصين  فيروس_كورونا  فيروس_الصين  فيروس_كرونا  مجله_نقطه_العلميه  ,0
مع حضرتك واءيد سيادتكم فيه وحق الصين في الرد مكفول لكن السءال يطرح نفسه اخر الحرب الكلاميه اه فتح مجال اكثر تجاري للصين ام تتجمد العلاقات وتتعقد بين البلدين لعب اقتصادي بحت    ,0
"المحاكم الصينيه  
اخفاء اعراض الاصابه بفيروس  كورونا_الجديد 
عمدا او الادلاء ببيانات زاءفه تتعلق بها 
يمثل جريمه تصل عقوبتها الاعدام   ",0
" صحتك_مع_سبق

الدكتور الرحيلي يحذر   المشروبات الغازيه والمحلاه وباء بمعني الكلمه    ",0
" الامارات تعلن عن اصابه جديده بفايروس  كورونا تعود لصيني حالته مستقره 
 عكاظ 
 ان_تكون_اولا
  ",0
يعمي الصين عملت مستشفي ١٠ ايام وانتوا بدكن سنين بعد فوق ال ١٠ سنين  ,0
وفيات كورونا تتجاوز 1600 في الصين  بعد اعلان وفاه 139 مصابا في مقاطعه هوبي مركز انتشار الفيروس   ,0
"المشهد عميق وله اكثر تحليل  
التفسير الواضح للجميع وبكل بساطه اراد ان يهرب عن العالم بكل سلبياته تراكمت حوله في فتره قصيره  اما التفسير الاكثر سوداويه كان يحاول قتل نفسه عن طريق خفض حراره جسده او الاختناق  فلا ننسي بانه كان يعاني افكار انتحاريه   ",0
للحفاظ علي نفسك فيروس كورونا  ,0
مساكين الصين واليابان لم ينقذهم النار ولم يرسل احد  ,0
"حلمت  الاهلي يلعب الصين اياب نصف النهاءي الاسيوي ومتقدمين ٤ ٣ ومطرود لاعب الاهلي ومسجلين الرابع الدقيقه ٩٠ 

يااههه حسيت اني اشجع الهلال وانا احلم  ",0
کورونا واءرس کے اثرات براعظم ایشیا سے باہر تک سامنے انا شروع ہوكءے فرانس میں ہلاکت کا پہلا کیس سامنے اكیا  جانتے ہیں مرنیوالا شخص کون ہے    ,0
افكار مين استاذ  شوف حضرتك الفيديو والفيديوهات اللي تحته  انا بقول100الف عشان في الصين واخدين احتياطاتهم اللي عنده الفيروس بيتحجز يتعزل عن العالم  لا  اللي قابل الست دي عايش حياته عادي ومش في باله حاجه  احسب انت كام واحد ممكن عنده الفيروس غير ما يحس  بيعدي غيره  ,0
"شاهد لحظه خروج الطلاب السعوديين امضوا 14 يوما في العزل الاحترازي  الرياض وذلك بعد قدومهم مدينه  ووهان في  الصين

عبر 
  ",0
دامن كنتو علي شك عما يحدث للمنطقه منذو وقت قصير حالان ان اسكن في فرنسا لكن لا يوجد حالا والا شكوك علي وجود فيروس كورونا في فرنسا اجرءات المقاومه للفيروس اتخذت في وقوع الحدث بشكل مخفي عبر الحياه اليوميا وهناك دعم مخفي لي بعض تلك الشبه لا يخاف الصغار والكبار  ,0
غير الكورونا البيرا ما بهمنا نعرف   ,0
"تسجيل حاله اصابه جديده  فيروس_كورونا_المستجد
  ",0
الصحه السعوديه تعلن مغادره الطلبه القادمين الصين الحجر الصحي  ,0
"فاشل 
يا وباء في جسم وطن 
انت اخطر علي مصر الكورونا
 قاطعو_محمد_رمضان  ",0
تايوان تعلن عن حاله وفاه ناتجه عن فيروس  كورونا  ,0
"القاء محاضره توعويه لمجموعه طلاب المدرسه بعنوان  مرض كورونا اعراضه وطرق الوقايه منه  القاها الممرض عبدالعزيز العمار مستوصف الجريف 
تنسيق المرشد الصحي الاستاذ فهد الباهلي

  ",0
شكلك تبي احد يقولك معك كورونا هههههه  ,0
تراجع الحصيله اليوميه لاصابات فيروس  كورونا   ,0
 فيروس_كورونا ربنا يستر  ,0
اللهم استرنا الكورونا  ,0
الصين والفاتيكان يعقدان اجتماعا دبلوماسيا نادرا  ,0
كورونا    نقص الاقنعه يثير ذعر الاطباء  ,0
"الصين تعلن عن143 وفاهجديده بفيروس كورونا 

 السودان
 بلادالنيلين  ",0
الارقام الحقيقيه للمصابين بفيروس كورونا   ,0
فيروس كورونا يكون نشيط جدا في البرد سيفتك فتكا قدر الله ولكن الله ارحم مم ان يجمع علينا طاعونين النظام كورونا  ,0
" اتحاد_طلاب_اليمن_في_الصين
 اجلاء_يمنيين_ووهان  ",0
"ياناس ايش اخر اخبار فيروس كورونا امدري ايش اسمه تقولو عيوصل اليمن صدق مانقامرش به خوف  تخيلوا بعد حرب واخرتها نموت بفيروس وعاده كمان فيروس صيني حتي مش اصلي 
ههههههههههههه
       ",0
يمكن مطالبه وزاره الصحه في البحرين باتخاذ اجراءات احترازيه حاسمه لمنع دخول وانتشار  فيروس_كورونا_الجديد البحرين  هناك افراد عاءدين سنغافوره في مكان عملي ولكن لم يتم عزلهم لمده اسبوعين  طلبت اداره الموارد البشريه  رفضوا لانه لا يوجد اجراء او تعليمات رسميه  ,0
"مع تزايد المخاوف   كورونا    انديه ومشاهير يتحركون لمواجهه الوباء

  ",0
وزاره الصحه  للسءال عن  كورونا علي مدار الساعه   الاتصال علي الرقم   ,0
" صور  بدء اجراءات الحجر الصحي للعاءدين الصين داخل معبر رفح
تصوير  مثني النجار  ",0
الصحه في غزه تبدا اجراءات  الحجر الصحي  للعاءدين الصين  ,0
والله مافي مبرر ٣اسابيع احمر لا كورونا ولا غيره الاسواق العالميه مرتفعه سوقنه تتوقع السبب توجه السيوله للعقار  ,0
"عاجل  
 

 
اصابه 40 امريكيا كانوا علي متن السفينه السياحيه الموبوءه  دايموند برينسيس  في  اليابان بفيروس  كورونا  
 

 
 فيروس_كورونا 
   ",0
كورونا الشرق الاوسط كان ٢٠١٤    كان عز السوشيال ميديا   دا بالعكس فيسبوك دلوقتي بيمنع الاخبار الزاءفه عن كورونا المستجد ومكانش بيعمل دا مع كورونا الشرق الاوسط  ,0
عاجل  كوريا_الجنوبيه تخطط لاجلاء رعاياها السفينه الموبوءه بفيروس كورونا  ,0
كورونا رافع راسنا  ,0
"كلام بيضحك فيه عا جمهوره     
الصين  هواوي  رضخت وقبلت ان تدفع ما فرضه ترامب ٥  ارباحها كي تبقي تبيع في السوق الامريكي  
الصين مش حسن نصرالله  ",0
الاخبار انفو الجزاءر  انتهاء فتره حجر طلبه موريتانيا العاءدين الصين  ,0
"اتستبدلون ادني بالذي خير رقصتم وفرحتم بمقتل وتشريد وسجن الاطباء والعلماء والمعلمين والمصلحين فابدلكم الله بالذي ادني ليكونوا قدوه لاولادكم فلا تلوموا الا انفسكم
 كورونا 
 السيسي_يخدع_المصريين  ",0
والله انك صادقه كنت برد نفس ردك فعلا شي يحزن تفشي العري بشكل مخيف بين الصغيرهوالكبيره احيانانري البنت نقول الله يهديهاولكن عندمااري امها اعذرالبنت لان والديهاماربوهاعلي الحشمه والحياءلاادري كيف قلوبهن تطاوعهن يظهرن الناس الشكل والله لبس نوم الله يهديهم ويسترناويسترهم  ,0
يلعنم الحماس اخوي مءمن ان كورونا عقاب بالكفار ماني قادره اتحمل لحد ماشوف وجهه لما يعلنون اصابات ببلاد مسلمه  ,0
 사라를도와주세요 حرام الله يشفيها رب ويبلاهم الكورونا  ,0
 كورونا   ,0
تراجع الحصيله اليوميه لاصابات  كورونا المستجد  ,0
" يابلطان_ياااقادح
تنومس سيرته نهضه حراره
80F0  ",0
اتوقع ذنوب الصين في عام 1620  ,0
"اتفرجوا علي سنه مرعبه سنن الله في خلقه     

الصينيين وحالات انتحار بشكل متزايد فيروس كورونا 
اصبحت الصين عباره مكان مخيف جدا ومرعب ومازال الفيروس باقي ويتمدد  

 واخذناهم بالعذاب لعلهم يرجعون صدق الله العظيم     ",0
 عثرنا اخيرا علي علاج فيروس كورونا    واتساب  تعلق علي الرساله الغامضه  ,0
"اسباب المواجهه الامريكيه مع  الصين ليست كما بالامس حيث اخذت منحي مختلف خرجت عن سياقات  الحرب_التجاريه مدفوعه بتذرعات الحقوق الفكريه لتتحول بعد ادانه الصين جراء انتهاكاتها لحقوق الانسان وتهديد الامن القومي  
اظن ان الايام حبلي في عام 2020  
 كورونا  ",0
مافي غيرهم معروفين الله يشفيهم مرضهم مثل مرض كورونا ماله علاج البعير مايشوف عواج رقبته  ,0
كورونا فيروس ايه دكتوره انتي لحقتي تحطي الشابتر ده امتي  ,0
"احس ان فايروس  كورونا 
هو صناعه  امريكيه  
   ",0
"رب لطفك يارب
كورونا ناوي علينا    اليوم

وين الملاجي ووين الدرب
ان كنت حاكم عليه يدوم  ",0
" فيتو   عاجل
 الصين تبدا بانتاج علاج محتمل لفيروس  كورونا
  ",0
" عاجل بعد الاف كشف ومتابعه    الصحه تعلن موعد مغادره العاءدين  ووهان  الحجر
 صدي_البلد  البلد
  ",0
تعقيم الخزان الداخل  ,0
"ابن العشواءي يريد ينتقم قتله المجوسوي الجلب الله خير 
وهاي الناس تذبحت بدم بارد منو ينتقم الهم يكوكب بلوتو وين فيروس كورونا يجي يصيبهم بس حرامات ميتعذبون بالمرض فد مررض كون يسلهم سل كريم الله وميلكون اله علاج 
بس انوب يندفنون يم علي لا والله هم حرامات  ",0
